id,group,verbal_wm,visual_wm,updating,inhibition,proc_speed,education,cog_reserve,task_perf,everyday_func
1,1,0.823,1.062,-0.441,-0.006,-0.127,14,-1.294,50.04,73.02
2,1,-0.990,-0.939,-1.988,-1.056,0.009,16,0.041,37.94,71.35
3,1,0.197,-0.142,0.246,-0.724,0.312,18,0.447,56.30,66.82
4,1,-0.627,-1.015,-1.292,-0.960,-1.216,19,-1.014,29.86,77.69
5,1,-1.644,-2.418,-1.090,-0.343,-0.709,17,0.190,28.26,64.68
6,1,-1.095,-1.135,-1.477,-1.265,-0.409,16,-0.232,28.78,56.13
7,1,1.331,1.517,1.115,0.933,1.088,19,1.060,77.63,81.37
8,1,-0.255,0.935,0.862,0.444,1.104,14,-0.674,61.03,80.50
9,1,0.066,1.026,-0.843,0.422,-0.172,12,1.701,68.58,90.75
10,1,0.251,1.038,1.143,0.339,1.726,16,0.634,63.33,80.26
11,1,0.139,-1.028,-0.044,-0.305,0.104,15,1.311,40.08,86.62
12,1,0.360,-0.044,-0.289,-1.137,-0.133,12,0.431,51.14,71.39
13,1,-0.150,0.893,0.131,-1.035,-0.257,16,0.990,61.99,80.31
14,1,1.444,1.330,0.519,0.537,1.296,17,0.359,69.45,100.17
15,1,-1.803,-1.237,-1.997,-1.704,-0.118,20,-0.372,50.92,60.54
16,1,1.361,1.568,0.586,0.115,1.741,12,-0.456,61.79,79.95
17,1,2.048,1.045,0.412,1.050,1.616,12,1.382,80.72,75.60
18,1,-0.256,-0.838,-1.025,0.295,0.792,14,1.322,38.09,47.95
19,1,-0.527,-1.060,-0.496,-0.598,-1.308,19,-0.334,44.24,71.10
20,1,0.653,0.554,0.376,0.180,1.318,13,-0.168,52.75,79.35
21,1,-0.357,-0.522,0.219,-0.951,0.724,14,-0.054,36.86,59.06
22,1,-1.299,-1.932,-1.417,0.114,-1.448,17,-0.216,40.93,54.25
23,1,1.785,1.480,1.189,0.060,1.065,14,0.975,80.93,67.79
24,1,-0.246,-0.418,0.493,-0.006,-0.201,19,1.215,46.66,56.98
25,1,0.305,-0.228,0.004,-0.225,0.298,13,0.589,61.60,65.38
26,1,1.882,0.728,0.333,0.869,1.292,17,-0.521,56.25,64.11
27,1,1.333,1.492,0.734,1.172,1.597,15,0.320,65.26,65.00
28,1,0.203,0.998,0.442,-0.349,0.572,14,-1.526,63.38,90.17
29,1,0.950,1.326,1.289,1.655,0.901,17,2.310,55.52,90.86
30,1,-0.062,-0.482,-0.459,0.370,0.709,18,-0.321,41.58,76.04
31,1,1.074,1.189,0.733,0.671,0.834,16,-0.208,54.57,87.09
32,1,-0.267,-0.692,-1.707,-0.873,-0.444,13,-0.493,49.72,89.09
33,1,1.238,0.775,0.725,0.532,0.999,15,-0.131,62.21,73.17
34,1,0.327,-0.702,-0.651,0.205,0.693,12,1.693,50.94,83.78
35,1,0.870,0.528,0.627,1.121,1.321,14,1.022,56.86,83.70
36,1,-1.170,-1.362,-1.177,-1.163,-0.958,13,0.694,50.24,68.39
37,1,-0.040,-0.213,0.307,0.019,-0.062,14,-0.712,44.82,77.93
38,1,-0.393,-0.115,-0.495,-0.171,-0.754,17,1.325,47.13,55.41
39,1,-0.272,-0.125,0.479,-0.601,1.109,17,0.541,52.91,80.78
40,1,1.456,1.026,0.893,0.005,0.803,15,0.822,53.03,83.59
41,1,0.938,1.659,1.218,0.811,0.807,13,1.196,61.33,85.18
42,1,0.865,0.930,0.722,0.799,1.667,17,0.423,54.49,91.06
43,1,-0.591,0.880,0.483,0.140,-0.219,20,0.423,42.83,59.26
44,1,-1.667,0.321,-1.587,-0.845,0.147,17,-0.513,44.04,58.17
45,1,0.288,1.657,0.931,0.200,1.218,13,1.465,63.37,91.93
46,1,-0.190,0.096,0.002,-0.383,-0.969,17,-0.938,57.32,84.75
47,1,-0.431,0.337,-0.228,0.023,0.561,12,-0.217,63.74,82.04
48,1,0.371,0.176,-0.273,-0.085,-0.200,18,-1.386,43.98,82.80
49,1,-0.324,-0.072,-0.468,-0.191,-0.107,16,-0.849,53.94,75.03
50,1,0.304,-0.380,-0.765,0.112,-0.172,14,1.849,63.15,73.87
51,1,0.070,0.612,-0.412,-0.356,-0.162,17,0.022,52.56,79.41
52,1,-1.498,-1.877,-0.776,-0.827,0.419,17,0.618,29.43,78.93
53,1,1.396,0.650,0.548,0.544,1.155,15,-0.556,62.44,78.80
54,1,1.131,1.273,0.910,1.387,1.365,17,0.205,69.87,64.02
55,1,0.208,-0.805,-0.773,0.004,-0.493,18,0.588,43.06,70.21
56,1,1.333,0.840,1.153,0.886,1.058,15,1.986,59.29,91.87
57,1,0.094,0.584,0.393,0.165,-0.109,17,-0.724,65.74,72.42
58,1,0.490,-0.655,-0.416,0.099,-0.131,18,0.720,45.49,79.89
59,1,-1.359,-1.439,-1.505,-0.679,-1.687,20,0.654,38.98,55.31
60,1,-0.652,-0.883,-2.331,-0.707,-0.830,19,1.720,29.22,63.87
61,1,-0.389,-0.009,-0.868,0.121,-0.327,19,0.045,40.95,66.76
62,1,-0.671,-0.833,-1.164,-0.807,-1.050,19,0.849,35.02,71.79
63,1,-0.081,0.146,0.375,0.236,0.204,13,0.583,39.39,65.71
64,1,-0.618,-0.412,-1.742,-0.782,-0.045,17,0.756,39.43,67.64
65,1,-0.684,0.747,0.090,0.135,-0.448,18,-0.374,40.89,76.25
66,1,0.924,0.423,0.517,-0.084,0.645,14,-0.847,54.82,95.51
67,1,1.140,1.050,1.292,2.135,1.149,17,-0.005,70.33,100.44
68,1,-0.474,0.012,0.466,-0.104,0.013,14,-0.352,46.35,62.02
69,1,-0.989,-1.276,-0.926,-1.424,-0.851,16,0.395,47.68,58.36
70,1,0.369,-0.020,-0.361,0.127,0.013,15,0.881,51.17,77.78
71,1,0.234,0.876,-1.365,0.038,-0.028,15,1.527,57.54,76.63
72,1,0.504,0.371,-0.376,0.738,-0.196,19,1.220,37.11,67.44
73,1,-1.093,-0.329,-0.879,-1.094,-1.045,13,0.726,36.14,83.88
74,1,0.919,1.333,0.701,0.276,1.423,17,-0.421,64.44,89.30
75,1,0.197,0.030,0.966,-0.691,-0.513,18,1.334,48.61,67.36
76,1,0.081,-0.015,-0.271,0.339,-0.322,17,0.412,33.65,80.84
77,1,1.216,0.667,1.034,0.405,1.138,15,1.279,73.56,88.14
78,1,0.188,-0.154,-0.076,0.053,0.380,20,0.515,57.09,71.39
79,1,0.535,0.354,-0.151,0.353,1.042,16,0.225,42.58,90.61
80,1,0.967,0.890,0.794,1.705,1.708,16,0.200,56.59,74.42
81,1,1.167,1.007,0.981,0.552,1.782,15,0.128,72.09,85.44
82,1,-2.193,-0.740,-0.055,-0.779,-1.485,17,-0.469,30.61,75.89
83,1,1.140,0.585,0.909,0.312,0.201,18,1.122,54.55,92.61
84,1,-0.264,1.039,0.739,0.235,0.527,17,1.068,51.53,78.36
85,1,0.543,-0.377,0.121,0.458,0.249,16,-0.242,51.50,66.13
86,1,-0.653,-0.034,0.261,0.309,-0.033,12,1.274,44.24,92.02
87,1,-0.056,0.494,-0.198,0.276,0.019,19,-0.337,58.21,70.73
88,1,-0.336,-2.038,-0.282,-1.092,-0.056,16,0.052,37.45,79.34
89,1,-1.832,-0.470,-1.794,-0.402,-0.882,12,-0.671,47.44,61.99
90,1,1.185,1.663,0.597,0.633,1.179,19,0.600,78.53,88.17
91,1,0.031,-0.219,-0.327,0.554,0.819,13,0.628,44.32,80.88
92,1,-0.433,-0.457,0.278,0.592,-0.008,19,1.104,47.07,88.66
93,1,1.266,0.545,1.343,0.812,0.270,20,-0.475,70.66,74.99
94,1,-0.141,-0.667,-0.524,0.265,0.334,15,-1.045,31.26,61.38
95,1,0.444,0.365,0.475,1.583,1.139,16,-0.250,44.03,77.08
96,1,-0.040,0.041,-0.941,0.660,-0.087,20,1.952,48.99,66.13
97,1,1.160,1.459,0.530,0.779,1.583,18,0.265,48.15,78.86
98,1,-1.142,-1.415,-1.220,-1.023,0.595,13,-1.740,29.41,75.61
99,1,-0.604,-0.640,-1.186,-1.159,-0.857,19,-0.041,41.97,61.21
100,1,0.671,1.175,0.213,1.765,1.275,16,0.521,59.64,91.17
101,1,-1.393,0.056,-0.788,-1.800,-0.553,16,1.220,40.22,70.81
102,1,0.877,0.592,0.763,0.624,0.907,15,1.445,43.53,69.02
103,1,1.121,0.914,0.374,0.874,0.828,14,1.240,61.20,76.43
104,1,-1.753,-0.558,-1.462,-0.895,-0.517,17,-0.475,34.74,73.82
105,1,1.134,0.532,1.038,0.931,1.235,18,0.249,59.78,85.92
106,1,-1.221,-0.338,-1.520,-0.566,-0.484,19,0.754,31.94,73.02
107,1,-0.083,0.075,0.483,0.496,0.180,16,0.988,59.76,81.65
108,1,-0.759,-0.282,-1.448,-1.679,-0.986,14,2.156,45.45,75.87
109,1,-0.539,0.113,-0.211,0.062,0.495,14,0.466,58.00,83.60
110,1,-0.091,-0.104,-0.314,0.265,-0.309,12,-0.589,43.52,64.04
111,1,-0.071,-0.108,0.229,0.153,-0.514,14,0.145,40.00,69.91
112,1,1.510,1.715,1.059,0.604,0.854,16,0.266,56.58,80.96
113,1,1.213,1.478,0.812,0.496,1.781,18,0.470,73.50,64.02
114,1,-0.997,-1.120,-0.894,-0.311,0.051,18,-0.588,30.81,69.44
115,1,-0.586,0.114,-1.081,0.026,-0.353,14,0.354,37.38,86.60
116,1,1.047,1.258,0.997,0.824,1.527,16,0.314,67.88,82.03
117,1,-1.023,-0.704,-1.904,-1.361,-0.875,13,0.097,23.41,48.55
118,1,1.357,0.891,1.241,0.922,0.821,14,0.261,68.69,69.08
119,1,-2.551,-0.268,-1.127,-0.614,-0.731,19,1.541,33.79,62.83
120,1,0.586,0.850,-0.063,-0.610,0.720,14,0.761,64.17,102.89
121,1,0.094,-0.159,-0.006,0.711,0.567,13,-0.393,53.59,69.71
122,1,1.445,1.135,0.864,0.690,2.195,19,-0.693,68.27,78.92
123,1,-1.029,-0.508,-1.113,-0.772,-0.623,17,1.063,33.98,70.68
124,1,0.288,0.002,-0.876,-0.458,-0.229,16,1.397,67.74,67.40
125,1,0.678,1.669,-1.047,0.494,0.181,20,-0.737,44.76,70.54
126,1,-0.999,-1.053,-1.050,-0.770,-1.110,13,0.249,38.70,62.45
127,1,0.992,-0.978,-0.310,-0.399,0.280,17,0.592,44.88,78.19
128,1,0.804,0.095,-0.620,0.369,0.350,16,1.079,51.59,79.17
129,1,1.507,1.131,0.478,0.859,0.931,19,0.749,61.09,89.05
130,1,1.746,0.134,1.350,1.417,0.243,17,-0.286,67.23,86.52
131,1,-0.859,0.428,0.092,0.730,-0.645,17,0.458,54.17,75.60
132,1,1.635,0.391,1.051,0.847,1.142,13,0.226,49.30,89.86
133,1,-1.600,-1.604,-1.441,-0.775,-0.805,18,0.986,20.75,64.34
134,1,-0.950,-0.567,-1.010,-0.701,-1.231,17,-2.359,26.59,48.67
135,1,0.046,-0.680,-0.707,0.661,-0.120,17,0.232,52.62,74.05
136,1,0.506,0.521,-0.134,0.171,-0.175,19,0.954,66.40,73.38
137,1,-0.975,0.069,-0.032,-0.140,-0.075,12,-0.560,40.11,65.26
138,1,1.026,1.787,1.081,0.835,1.179,20,0.888,63.80,83.43
139,1,0.355,1.247,0.306,1.081,1.306,13,-0.142,55.28,92.54
140,1,1.055,0.696,1.138,0.772,1.107,18,0.899,71.99,84.81
141,1,0.246,-0.835,-1.002,-0.719,-0.125,19,1.660,57.41,51.58
142,1,-0.686,-0.299,-1.010,-0.948,-0.243,20,1.968,36.68,80.20
143,1,-0.123,-0.543,0.703,0.896,0.356,13,0.800,62.32,78.44
144,1,-1.458,-1.275,-1.650,-1.249,-0.821,17,-0.554,37.20,56.09
145,1,-1.823,-0.831,-0.741,-1.210,-1.397,18,1.061,52.44,83.14
146,1,-0.093,-0.268,0.003,0.620,0.591,14,0.397,48.49,67.65
147,1,-0.188,0.785,-0.284,0.718,-0.563,20,1.370,52.63,69.70
148,1,-0.258,0.252,-0.519,-0.178,0.512,12,1.773,51.91,78.35
149,1,-0.502,0.395,0.508,-0.555,-0.470,19,0.231,50.76,76.30
150,1,1.120,1.837,1.615,0.732,1.481,18,0.340,69.63,91.22
151,1,-1.264,-0.222,-0.896,-0.618,-1.300,16,-0.240,50.13,69.25
152,1,0.079,0.442,0.717,-0.155,-0.301,14,1.423,44.28,82.04
153,1,0.198,-0.243,-0.567,0.387,-0.274,16,0.287,67.13,75.96
154,1,-0.004,0.081,-0.387,-0.854,0.326,19,-0.233,42.00,64.66
155,1,-1.024,-0.718,-2.203,-1.483,-0.926,14,-1.011,39.22,50.99
156,1,1.077,0.933,1.527,0.466,2.263,19,-0.712,57.97,101.49
157,1,-0.363,-0.126,-0.713,-0.133,-0.887,14,-1.514,54.63,90.33
158,1,0.260,0.046,0.089,0.045,0.618,17,-0.410,47.35,71.90
159,1,-0.479,-1.771,-0.371,-0.009,-1.361,19,-2.026,42.02,73.83
160,1,1.334,1.207,0.598,1.171,1.546,15,1.613,61.04,89.12
161,1,-0.069,-0.163,-0.736,0.150,0.289,20,-0.065,51.94,89.93
162,1,-0.667,0.089,0.027,0.771,0.668,14,-1.075,36.44,71.04
163,1,-0.299,0.479,-0.941,-0.763,-0.875,19,-1.064,54.91,68.60
164,1,1.366,1.542,1.401,1.226,1.427,16,1.373,69.30,66.29
165,1,-0.108,0.038,0.412,0.888,-0.097,19,-0.078,67.25,69.21
166,1,-1.644,0.167,-2.192,-0.687,-1.510,16,1.440,30.60,63.97
167,1,0.693,1.199,1.129,1.087,1.161,16,0.396,59.60,87.01
168,1,0.585,-0.409,-0.059,0.113,0.284,15,-0.798,58.98,88.13
169,1,-1.498,-1.673,-1.688,-1.128,-1.010,20,0.300,40.29,66.30
170,1,-0.307,-0.293,-1.330,-0.271,-0.767,12,-0.110,36.76,75.45
171,1,0.286,0.796,0.894,1.438,1.399,18,-1.714,67.34,88.74
172,1,-0.201,-0.107,-0.892,0.157,0.343,14,0.033,36.18,61.76
173,1,0.629,1.070,0.943,0.640,0.454,12,0.023,64.75,93.78
174,1,0.362,0.757,1.458,1.959,0.864,17,0.716,65.29,87.10
175,1,1.693,1.191,1.397,1.009,1.166,13,1.026,67.43,86.40
176,1,-1.058,-0.507,-2.162,-1.331,-0.336,19,-0.960,31.50,60.06
177,1,1.131,0.132,1.463,0.390,1.281,17,-1.666,69.94,77.63
178,1,-1.208,-1.270,-1.378,-0.635,-0.757,14,0.083,34.11,70.36
179,1,0.060,-0.890,0.590,-0.038,0.309,20,0.042,51.28,83.09
180,1,1.053,0.971,0.986,1.221,0.686,13,0.678,68.62,73.81
181,1,0.680,0.467,0.523,-0.198,-0.451,12,0.207,45.08,83.96
182,1,0.773,1.294,1.573,1.198,0.648,12,0.572,60.65,85.08
183,1,-0.111,0.610,-0.518,-1.140,0.627,12,2.607,59.87,85.51
184,1,-1.388,-0.718,-1.467,-0.796,-0.651,19,0.987,26.35,70.70
185,1,0.681,-0.057,0.041,0.476,0.089,20,-0.112,47.28,77.86
186,1,-1.646,-1.892,-1.392,-1.193,-1.471,19,0.777,45.47,80.39
187,1,-1.411,-0.972,-1.042,-0.367,-0.364,18,0.760,38.28,61.75
188,1,0.607,-0.586,-0.971,-0.465,0.138,18,0.341,38.95,73.11
189,1,-0.026,-0.132,0.123,-0.325,0.416,19,1.491,55.26,76.92
190,1,-0.330,0.463,-0.120,-0.532,-0.881,17,0.478,54.05,79.90
191,1,1.031,1.396,0.248,0.079,0.742,18,-0.586,59.09,76.51
192,1,1.013,0.674,1.997,1.244,1.151,14,1.001,51.53,98.44
193,1,1.126,0.667,1.251,1.448,1.626,14,0.561,56.70,93.92
194,1,0.003,0.293,0.870,-0.475,0.541,17,0.551,56.13,81.44
195,1,1.071,0.951,0.930,2.047,1.611,13,1.075,66.84,67.55
196,1,0.875,0.067,0.456,-0.040,0.415,15,-0.518,61.57,79.04
197,1,-0.220,-0.811,-0.640,0.142,0.397,15,0.796,31.00,76.07
198,1,0.271,-0.196,0.072,-0.429,-0.384,15,-1.206,45.04,65.49
199,1,1.692,2.171,1.165,0.374,0.695,14,1.485,66.27,102.43
200,1,1.097,1.402,1.146,1.264,1.428,14,-0.974,64.67,91.80
201,1,-0.818,-0.058,-0.268,1.139,-0.148,16,0.584,46.82,66.04
202,1,-0.106,-0.340,-0.352,0.283,-0.341,12,0.080,51.28,80.39
203,1,1.508,1.304,1.457,1.090,0.915,20,0.742,65.60,96.35
204,1,-0.512,-1.081,-1.346,-0.795,-1.391,16,1.255,40.30,62.87
205,1,-0.059,0.379,-0.363,-0.528,-0.073,16,-0.196,52.52,66.27
206,1,1.252,0.722,0.604,1.012,1.209,18,-0.968,61.60,66.96
207,1,1.035,0.088,-0.107,0.314,-0.660,19,0.176,59.09,77.79
208,1,0.422,0.445,0.402,-0.952,-0.436,18,0.166,58.56,65.43
209,1,-1.350,-1.201,-0.922,-0.677,-0.930,20,0.038,44.88,76.72
210,1,1.349,1.228,1.164,1.470,1.348,16,-1.077,63.84,91.35
211,1,-2.054,-0.527,-1.360,-0.491,-0.822,16,0.594,33.84,68.25
212,1,1.173,1.044,1.896,0.515,0.842,19,0.802,71.07,75.18
213,1,1.038,0.779,1.801,1.564,1.500,17,-0.657,49.21,89.43
214,1,1.106,1.293,0.761,0.670,0.240,20,0.479,54.69,74.46
215,1,1.316,0.399,1.149,-0.081,1.602,17,-0.484,67.83,97.86
216,1,0.118,0.145,-0.173,-0.387,0.671,17,0.387,56.60,73.49
217,1,1.361,1.479,0.854,1.015,1.128,14,0.581,78.13,73.48
218,1,-1.025,-1.460,-1.641,-0.992,-0.579,17,-0.111,41.68,62.35
219,1,1.394,0.593,1.214,0.600,1.055,20,1.496,64.97,87.76
220,1,0.978,0.626,1.573,0.833,0.848,16,0.217,60.74,82.97
221,1,-0.586,-0.820,-1.378,-0.587,0.067,17,0.236,24.98,74.75
222,1,-0.364,0.330,0.720,0.382,0.244,20,0.569,52.53,89.87
223,1,-0.586,0.794,0.193,-0.584,-0.037,15,1.071,37.63,59.88
224,1,1.586,1.050,1.271,1.250,1.031,19,3.175,78.95,98.53
225,1,-0.492,-0.117,-0.303,-0.938,0.256,16,-0.751,49.40,76.07
226,1,0.657,-0.202,-0.099,0.116,0.509,13,-0.244,56.46,96.86
227,1,1.520,0.806,0.795,1.350,1.228,18,-0.901,58.35,98.59
228,1,-0.121,0.782,-0.599,-0.810,-0.033,17,-0.089,41.19,70.02
229,1,-0.521,0.264,0.148,0.326,0.182,14,1.984,50.92,69.74
230,1,1.342,0.001,-0.535,-0.655,0.282,14,0.259,47.39,86.18
231,1,1.488,1.859,0.894,0.347,1.446,15,0.138,82.31,87.00
232,1,-0.084,-0.311,0.233,0.431,0.047,17,-0.289,55.13,74.88
233,1,-0.443,0.280,-0.498,0.429,0.002,17,0.020,51.34,79.21
234,1,1.709,1.652,0.983,0.806,0.606,17,0.788,52.57,89.67
235,1,-0.435,-0.764,-0.659,-0.444,-0.375,18,-0.711,57.30,75.70
236,1,1.086,0.191,-0.052,1.553,1.388,19,0.850,53.96,88.37
237,1,1.168,1.145,0.999,1.337,1.068,14,0.218,70.24,93.35
238,1,1.179,1.061,1.118,0.400,1.200,17,1.077,68.93,83.86
239,1,-1.178,-0.763,-1.263,-0.735,-0.264,13,-0.171,43.12,58.75
240,1,0.430,-0.103,-0.382,0.716,0.745,14,0.132,62.16,62.51
241,1,-0.711,0.432,-0.710,0.712,-0.155,18,1.216,32.02,64.49
242,1,1.289,1.195,0.775,1.579,0.852,13,-0.658,70.38,95.25
243,1,-1.387,-0.327,-0.855,-0.535,-0.841,18,0.865,45.97,81.63
244,1,-2.033,-0.927,-1.173,-0.924,-0.804,15,0.355,31.94,47.88
245,1,1.372,1.529,0.856,0.843,1.628,19,-0.086,63.51,92.54
246,1,1.118,0.108,0.834,1.091,0.953,18,-0.428,51.58,73.40
247,1,-1.407,-1.530,-0.263,-1.435,-1.775,13,0.876,32.03,84.04
248,1,-0.884,-0.459,-0.378,-0.087,0.246,15,-0.246,42.49,57.91
249,1,0.402,-0.106,0.415,0.020,0.022,15,-0.281,50.33,77.91
250,1,-0.139,-0.884,0.048,-0.268,0.472,16,0.974,52.90,79.40
251,1,1.247,1.066,1.008,0.230,0.988,16,-0.037,62.70,96.27
252,1,0.419,-0.057,-0.258,-0.101,0.519,13,-0.787,50.16,79.38
253,1,-0.090,0.568,-0.068,-0.937,0.251,12,-0.463,48.36,81.15
254,1,-0.660,-0.627,-0.779,-0.883,-0.764,13,0.600,34.46,51.65
255,1,0.518,-0.096,0.218,0.291,-0.057,16,-0.050,48.11,81.50
256,1,0.816,0.977,0.867,0.211,0.948,18,-0.014,55.30,78.40
257,1,-0.579,0.629,0.348,-0.316,0.981,18,1.748,62.97,71.69
258,1,0.427,1.494,0.836,1.012,0.436,14,0.001,47.98,80.04
259,1,-0.429,0.198,0.238,-0.340,0.388,20,0.386,56.77,77.73
260,1,1.472,0.271,0.679,0.609,2.005,14,-0.379,73.27,79.92
261,1,1.500,0.444,1.659,1.222,1.394,18,-0.046,62.43,85.86
262,1,1.334,0.517,0.982,0.216,1.188,18,0.171,53.31,85.17
263,1,1.429,1.056,0.279,0.192,0.890,13,2.437,54.72,64.65
264,1,-1.495,-1.048,-0.654,-0.084,-0.798,13,0.591,3.17,78.62
265,1,0.169,0.008,-0.103,-0.608,-0.265,18,2.091,60.35,69.16
266,1,1.376,2.156,0.824,0.795,0.813,14,0.169,66.14,79.79
267,1,-0.582,0.087,0.165,-0.468,-0.589,17,0.015,46.22,71.31
268,1,1.030,1.045,0.964,1.203,1.918,15,1.203,56.93,75.43
269,1,1.336,0.953,0.564,-0.013,0.720,13,2.368,46.14,67.79
270,1,-1.029,-1.036,-2.042,-1.601,-1.168,18,-0.818,37.66,71.10
271,1,0.889,0.580,0.761,1.844,1.197,13,-0.736,66.61,94.82
272,1,-0.910,-1.232,-0.917,-2.083,0.318,13,-0.595,51.09,71.56
273,1,1.864,1.706,1.747,0.522,1.067,13,-0.749,74.08,90.32
274,1,-0.238,0.001,-0.063,0.203,-0.063,17,-0.867,62.69,91.51
275,1,1.297,2.190,1.006,1.413,0.822,17,0.508,71.14,87.67
276,1,1.638,0.941,1.454,0.600,1.211,12,-0.554,70.30,92.96
277,1,1.527,1.132,1.620,0.909,0.962,15,-0.287,59.45,65.83
278,1,1.775,1.445,1.279,0.873,0.757,15,0.344,75.13,101.61
279,1,0.593,-0.550,-0.272,0.416,0.320,14,1.116,41.19,65.94
280,1,0.318,-0.051,0.859,-0.462,0.098,17,1.255,60.29,68.48
281,1,-1.704,-1.017,-1.223,-1.244,-0.964,14,0.845,33.50,73.35
282,1,0.616,0.005,0.370,-0.696,-0.283,18,0.489,58.13,98.45
283,1,0.203,0.009,-0.551,0.190,0.114,18,1.698,54.94,71.20
284,1,1.464,0.495,0.807,1.194,1.016,19,0.934,63.60,85.31
285,1,-1.743,-1.443,-1.235,-1.203,-0.462,17,-0.314,57.16,55.06
286,1,0.471,-1.024,0.080,-0.733,-0.067,18,0.222,55.85,60.23
287,1,0.690,0.790,0.882,0.904,1.469,16,0.450,49.26,76.05
288,1,1.777,0.427,1.004,1.971,0.764,16,0.883,66.55,67.28
289,1,-0.016,-0.070,-0.135,-0.647,-0.049,16,1.077,55.87,85.92
290,1,0.440,-0.145,0.550,-0.284,0.468,12,0.227,69.16,71.15
291,1,1.980,1.637,0.354,0.621,0.920,12,0.524,56.22,94.63
292,1,-0.024,0.139,-0.115,0.385,-0.021,17,-1.186,59.55,53.90
293,1,1.566,1.290,2.212,0.741,1.000,14,-0.870,62.07,69.01
294,1,0.549,0.579,0.933,0.872,1.380,19,1.572,59.14,87.60
295,1,0.104,-0.866,-1.917,-0.858,-0.788,18,0.617,44.51,42.06
296,1,-0.143,0.131,0.018,1.285,0.621,20,0.652,56.83,58.57
297,1,0.043,0.421,-0.475,0.505,-0.450,17,0.186,35.54,75.96
298,1,-1.106,-2.300,-1.690,-0.489,0.147,17,0.544,31.96,47.49
299,1,0.091,0.350,-0.647,0.590,-0.858,16,1.025,65.79,53.49
300,1,-1.195,-1.415,-1.745,-1.052,-0.382,20,0.735,22.99,67.18
301,1,1.398,1.825,1.263,1.332,0.953,18,0.011,61.44,99.42
302,1,-1.820,0.184,-1.790,-0.824,-1.559,19,-1.031,28.71,76.60
303,1,-0.178,0.508,-0.846,-0.271,0.373,12,1.450,56.68,72.37
304,1,0.800,0.585,1.095,0.740,1.713,15,2.039,72.29,80.86
305,1,-1.495,-1.446,-0.747,-1.411,-0.229,18,0.985,36.66,48.56
306,1,-0.087,-0.180,0.241,-0.199,0.090,18,-0.816,48.76,76.11
307,1,0.917,0.927,0.371,0.758,1.258,16,-0.732,64.85,67.45
308,1,0.517,0.886,0.985,0.396,1.198,12,0.270,55.40,95.09
309,1,0.827,1.569,1.151,0.879,1.612,16,-0.585,68.09,71.23
310,1,-1.302,-0.066,-1.120,-1.380,-0.955,12,0.545,57.60,77.80
311,1,-1.404,-0.512,-0.500,-1.645,-0.908,16,-1.788,35.64,53.11
312,1,0.652,0.651,0.384,0.015,0.322,18,0.917,54.10,75.39
313,1,-0.330,0.138,-0.460,-0.533,0.125,19,-1.039,48.25,67.90
314,1,0.246,-0.786,-0.457,-0.709,-1.806,16,0.401,50.50,86.38
315,1,-0.509,-0.064,-0.537,-0.109,-0.072,14,-0.091,55.57,84.72
316,1,1.100,0.863,0.841,1.626,1.841,19,-0.128,66.27,95.07
317,1,-1.363,-0.635,-1.626,-1.025,-0.942,17,-0.087,21.52,62.34
318,1,-0.934,-2.105,-1.465,-0.544,-1.537,16,0.857,34.42,53.25
319,1,0.173,0.425,-0.525,0.230,0.994,17,1.270,41.57,80.86
320,1,1.564,1.586,1.012,0.943,1.120,18,-0.005,56.53,108.22
321,1,-1.276,-1.627,-0.557,-0.731,-1.001,12,2.095,29.73,64.21
322,1,0.518,0.409,0.205,0.343,-0.499,14,0.467,53.07,72.30
323,1,0.778,0.563,1.153,0.737,1.648,19,2.431,66.19,73.32
324,1,0.542,0.589,1.612,1.201,1.393,17,-1.759,64.16,62.71
325,1,0.792,-0.730,-0.352,0.210,-0.705,17,-0.426,48.24,72.49
326,1,0.481,1.536,1.295,0.984,1.383,18,0.383,74.47,102.88
327,1,-0.497,-0.328,-0.052,-0.065,0.507,17,-0.163,39.86,71.83
328,1,0.886,0.479,-0.234,-0.026,0.287,18,-0.113,46.25,77.84
329,1,1.379,0.951,0.637,1.317,0.757,13,0.981,56.46,91.80
330,1,1.538,0.568,1.196,0.069,1.287,18,1.196,78.42,74.39
331,1,-2.148,-0.125,-1.041,-1.591,-0.998,19,-0.161,38.85,71.92
332,1,-0.731,-0.832,-1.436,-1.002,-1.466,12,-0.392,30.73,66.72
333,1,0.033,0.798,0.031,0.665,0.748,19,-0.264,63.60,79.80
334,1,0.670,0.265,-0.203,-0.946,0.418,15,0.401,74.42,63.15
335,1,1.195,1.490,0.631,0.826,1.198,16,-0.369,60.75,72.13
336,1,-0.277,-0.078,0.499,-0.041,-0.452,19,0.346,47.28,83.41
337,1,-0.052,-0.307,-0.174,-0.558,-0.324,17,0.749,51.33,69.33
338,1,0.436,0.508,-0.190,0.508,0.255,17,-0.208,63.46,72.85
339,1,1.273,0.792,0.494,1.834,1.421,14,1.755,67.11,97.07
340,1,0.467,0.004,-0.611,-0.265,-0.111,18,-0.343,44.83,74.21
341,1,0.067,0.270,0.294,-0.878,-0.557,16,-0.373,68.14,76.81
342,1,1.057,0.513,0.264,1.048,0.646,15,-0.316,57.19,72.35
343,1,0.905,1.575,1.689,1.322,1.917,15,-0.553,64.58,82.08
344,1,-0.291,-0.577,-0.399,-0.202,0.438,13,0.471,54.41,91.16
345,1,0.143,0.088,-0.369,0.114,0.079,15,0.325,50.45,83.92
346,1,-0.951,-0.879,-2.356,-0.180,-0.361,20,-0.315,35.65,47.54
347,1,0.335,1.930,0.812,0.115,1.377,16,-0.148,77.33,98.40
348,1,0.989,0.603,1.111,1.035,1.071,18,1.015,59.61,72.10
349,1,0.274,-0.145,-0.779,-0.383,-0.248,18,0.461,48.07,66.32
350,1,1.444,0.803,1.264,1.467,1.537,17,0.414,63.63,85.36
351,1,1.228,0.862,1.286,0.899,0.625,16,1.843,66.67,75.28
352,1,1.078,1.470,1.162,1.551,1.140,17,-0.697,69.62,84.67
353,1,1.113,0.938,0.545,0.552,1.162,14,-0.365,63.48,78.08
354,1,1.231,1.162,1.482,1.100,1.139,16,0.732,59.25,104.98
355,1,0.228,0.574,-0.548,0.136,0.220,14,0.431,47.58,65.67
356,1,-0.765,-0.141,0.550,-1.056,-0.584,14,-0.420,32.40,78.80
357,1,0.381,-0.067,0.605,0.048,-0.302,19,0.268,57.54,88.19
358,1,0.021,0.481,1.007,0.785,0.960,16,-0.589,58.31,72.19
359,1,-1.200,0.161,-0.755,-1.303,-1.031,13,-0.080,43.80,60.23
360,1,0.974,0.119,0.972,0.680,0.558,19,-1.671,65.63,82.61
361,1,1.127,0.696,1.024,0.714,0.906,19,0.319,71.71,79.21
362,1,1.349,0.877,0.849,0.703,1.670,12,1.072,57.01,80.31
363,1,-1.740,-0.805,-1.708,-0.792,-0.455,18,-0.765,26.53,70.06
364,1,-0.412,-0.014,-0.448,0.759,0.162,18,-0.204,39.39,80.91
365,1,-0.853,0.411,-1.876,-0.934,-0.385,16,0.863,41.93,80.05
366,1,-1.849,0.128,-0.484,-0.494,-0.370,13,-0.685,35.18,77.33
367,1,0.543,0.715,0.920,1.394,1.469,14,-0.154,45.75,86.70
368,1,-0.200,-0.025,-0.257,0.073,-0.764,17,0.416,56.20,73.57
369,1,0.956,1.636,0.566,0.758,0.478,14,0.431,71.92,81.17
370,1,1.363,-0.031,0.822,0.626,1.787,18,0.736,51.99,73.55
371,1,0.384,0.972,1.062,0.802,1.222,16,0.654,57.28,90.80
372,1,-0.899,-1.244,-0.393,-1.581,-0.715,14,-0.608,24.80,56.66
373,1,0.484,0.377,-0.588,0.264,-0.655,18,-0.141,51.02,101.58
374,1,-0.942,-1.966,-1.746,-2.007,-1.566,14,-0.496,30.25,58.55
375,1,0.424,0.245,1.070,0.572,-0.288,18,-0.102,56.72,77.18
376,1,-0.810,-1.823,-0.744,-1.419,-0.647,17,-1.605,43.47,59.25
377,1,-0.663,-0.675,-1.103,-0.295,-1.392,14,0.417,27.13,66.58
378,1,-1.147,-0.568,-1.789,-0.785,0.036,20,1.085,22.13,64.42
379,1,-0.803,0.045,-0.605,0.329,-0.758,15,-0.678,53.34,52.57
380,1,0.598,0.320,0.374,-0.298,-0.308,13,-0.353,47.33,93.47
381,1,1.314,0.849,1.298,0.040,1.295,18,0.330,63.60,96.37
382,1,-0.940,-0.814,-0.778,-1.016,-1.770,13,0.769,46.86,63.03
383,1,0.419,-0.129,-0.149,-0.156,0.490,15,0.877,54.71,70.87
384,1,-0.008,0.331,-0.396,-0.225,0.362,15,0.113,50.80,76.47
385,1,-1.350,-0.568,-1.582,-1.440,-1.424,14,0.189,22.15,68.11
386,1,0.223,-0.250,-0.344,0.160,-0.254,17,-0.063,49.78,65.67
387,1,0.945,-0.875,-0.307,-0.386,0.627,14,0.069,53.69,72.89
388,1,-1.606,-0.165,-1.261,-0.686,-1.053,16,0.075,22.79,63.62
389,1,0.733,0.537,0.142,-1.128,0.597,15,-0.013,66.86,78.96
390,1,0.336,0.063,-0.859,-0.289,-0.788,13,2.359,47.37,70.57
391,1,1.241,1.686,1.023,0.908,1.258,16,-0.911,77.54,93.03
392,1,1.637,1.061,1.007,1.034,1.190,15,-0.075,67.43,95.83
393,1,0.539,-0.029,0.651,-0.409,-0.192,18,0.744,61.91,76.73
394,1,1.636,1.401,0.359,0.982,0.603,20,1.062,68.64,99.26
395,1,-0.374,-0.698,0.275,-0.222,0.483,14,0.287,44.91,75.03
396,1,1.452,0.791,0.140,1.128,1.080,16,0.915,55.31,90.17
397,1,-0.357,-0.161,0.234,-1.123,-0.582,18,1.721,46.93,73.16
398,1,1.175,0.891,0.604,1.234,1.121,13,-0.285,62.66,89.81
399,1,-0.365,-0.058,0.056,-0.898,0.026,17,-0.432,62.53,70.62
400,1,-0.593,0.235,-0.190,0.370,-0.450,17,0.421,55.84,88.28
401,1,1.383,1.206,1.366,-0.005,0.735,16,0.831,65.46,88.83
402,1,-0.021,0.361,-0.411,0.364,0.189,14,1.481,48.60,77.36
403,1,-0.505,-0.420,-2.352,-0.487,-0.450,16,0.380,37.46,54.56
404,1,0.189,1.020,-0.113,-0.057,0.295,17,0.844,53.81,86.54
405,1,-0.015,0.062,0.394,-0.912,-0.071,14,0.373,56.24,74.28
406,1,-0.474,0.229,-0.663,-0.315,0.185,13,0.874,52.62,73.81
407,1,1.350,0.763,0.918,1.545,2.236,15,-0.222,66.90,76.21
408,1,0.972,1.837,1.181,0.593,0.543,19,-0.808,64.25,94.98
409,1,-0.944,-0.702,-1.342,-1.183,-0.812,20,0.516,30.22,58.98
410,1,-0.885,0.681,-0.215,-0.027,0.748,15,-0.537,53.98,75.41
411,1,1.235,0.801,0.390,1.056,1.315,19,1.786,68.48,88.60
412,1,0.792,0.271,0.819,0.491,0.354,13,-0.473,51.42,77.26
413,1,0.481,0.435,0.492,1.296,0.627,13,0.549,53.26,81.19
414,1,-1.360,-0.845,-0.569,0.155,-1.434,16,0.103,31.68,66.28
415,1,-1.081,0.144,-0.364,-0.267,-0.366,17,0.418,50.30,81.94
416,1,-0.571,0.466,0.047,-0.130,-0.292,16,1.040,57.98,65.08
417,1,-0.683,-0.749,-0.696,-0.927,-0.128,12,-0.009,53.99,59.99
418,1,-1.048,-0.733,-0.546,-0.259,0.200,14,0.663,38.61,68.88
419,1,-1.152,-0.094,-0.564,0.392,0.215,15,-0.407,50.62,87.27
420,1,-1.449,-0.823,-1.516,-0.127,-1.202,19,1.629,29.43,65.45
421,1,0.639,-0.137,-0.134,0.170,0.125,19,0.467,54.32,60.13
422,1,0.437,0.931,-0.155,-0.068,-0.279,13,-0.085,48.11,66.94
423,1,-0.083,0.186,-0.175,0.514,0.533,15,-0.952,54.40,76.61
424,1,0.499,0.066,1.358,0.520,0.666,19,0.946,69.85,78.83
425,1,1.054,1.199,0.872,1.746,0.695,17,1.113,46.31,88.43
426,1,0.874,-0.108,0.488,0.294,-0.134,18,0.303,57.45,71.07
427,1,-0.556,0.410,0.635,-0.198,0.518,18,1.020,54.82,86.57
428,1,1.812,0.284,0.683,0.743,0.956,15,-0.850,62.41,87.40
429,1,1.189,1.237,1.426,1.275,0.838,17,-0.207,49.85,79.39
430,1,0.814,0.555,0.667,0.711,1.563,19,0.548,46.00,69.91
431,1,-0.204,-0.807,0.197,-0.012,0.000,13,0.903,43.96,86.38
432,1,-0.344,-0.891,-0.448,-0.096,-0.175,14,-0.635,38.49,82.08
433,1,0.151,0.784,0.286,-0.220,-0.893,15,1.659,54.49,102.94
434,1,-1.246,-1.018,-1.072,-0.573,-1.411,18,-0.121,37.66,84.54
435,1,0.571,0.343,-0.421,0.310,-0.733,17,-0.875,51.10,84.26
436,1,0.676,0.444,-0.493,0.306,0.247,15,0.093,61.36,96.46
437,1,-0.694,-0.506,0.157,-0.387,1.135,14,-0.027,42.47,80.43
438,1,0.829,0.970,-0.482,0.839,-0.343,17,0.447,58.90,80.09
439,1,1.133,0.170,0.818,-0.225,1.224,19,0.336,63.59,92.20
440,1,0.500,2.043,1.373,0.681,0.959,14,0.878,75.90,90.62
441,1,0.490,0.003,-0.128,0.040,0.603,13,-0.420,42.91,73.83
442,1,0.628,0.725,0.184,-1.023,-0.500,19,-0.408,66.74,82.20
443,1,-0.081,-0.226,0.560,-1.300,-1.006,19,0.027,47.16,69.30
444,1,1.873,0.682,1.180,1.113,1.228,18,1.068,56.99,99.69
445,1,-0.557,-1.291,-0.731,-0.744,-1.789,16,0.742,27.91,58.19
446,1,1.395,0.628,1.418,0.765,0.890,16,-0.923,68.53,92.56
447,1,0.368,0.152,0.483,0.845,1.025,17,0.200,58.60,74.99
448,1,0.195,-0.448,-0.162,-0.053,-0.346,15,-1.122,41.95,64.02
449,1,-0.194,-0.054,-0.283,0.414,-0.417,19,0.871,57.24,61.10
450,1,0.300,-0.356,-0.995,0.108,-0.122,17,0.246,50.38,70.48
451,1,-0.393,0.523,0.351,0.309,-0.736,15,-1.140,43.94,79.85
452,1,0.536,0.369,-1.103,-0.110,-0.081,16,-0.016,65.04,78.27
453,1,1.139,1.393,0.561,0.917,1.504,19,0.982,52.73,83.65
454,1,1.326,2.003,1.319,1.033,1.527,20,0.656,77.59,106.79
455,1,-1.098,0.307,-0.438,0.384,0.619,18,0.441,52.97,62.50
456,1,0.840,-0.241,0.141,-0.721,0.879,13,-0.396,59.52,80.71
457,1,0.125,0.244,0.782,-1.293,-0.147,15,-0.879,52.16,88.67
458,1,0.342,-0.208,-0.801,0.721,0.297,19,0.552,47.46,73.56
459,1,1.274,1.587,1.370,0.265,1.499,14,0.634,54.59,87.12
460,1,1.198,1.560,0.342,1.270,1.316,19,0.066,74.79,72.67
461,1,0.230,0.677,-0.862,-1.069,-0.782,14,1.295,47.59,79.89
462,1,1.281,0.937,1.312,0.449,1.002,18,1.260,58.38,92.30
463,1,-1.172,-0.384,-1.216,-0.492,-1.121,17,0.633,42.95,71.48
464,1,0.220,0.350,-0.662,0.433,-0.849,19,0.243,42.50,67.41
465,1,-0.745,-1.345,-1.089,-0.717,-1.043,14,0.997,46.76,51.88
466,1,-0.602,-0.249,-0.654,0.708,0.555,14,0.049,50.70,89.45
467,1,0.000,0.369,0.085,-0.824,0.508,17,-1.830,47.95,69.68
468,1,-0.385,-1.153,-0.204,-0.414,-0.231,14,1.651,53.46,68.13
469,1,-2.112,-1.063,-0.838,0.096,-0.719,18,1.347,53.66,79.29
470,1,-0.330,-0.853,-1.253,-0.805,0.026,18,0.039,27.54,59.89
471,1,0.076,0.521,0.005,0.121,-0.582,17,-0.152,44.31,85.19
472,1,1.582,1.113,1.068,0.155,1.023,13,0.410,51.18,109.80
473,1,-1.262,-0.909,-1.240,-1.037,-0.408,14,0.325,48.66,60.23
474,1,0.563,1.024,1.301,0.886,1.107,16,0.009,54.18,65.69
475,1,0.996,0.357,1.267,1.034,1.388,14,1.537,58.64,77.68
476,1,1.224,1.346,0.920,0.619,1.270,16,0.411,71.06,71.28
477,1,0.159,-0.508,-0.289,-0.024,-0.750,18,0.800,50.05,83.20
478,1,-1.572,-1.075,-1.346,-1.048,-0.596,17,1.204,29.78,60.82
479,1,-0.067,-0.110,0.656,0.656,0.044,14,1.211,54.09,93.83
480,1,1.133,1.340,0.946,1.061,0.815,15,0.175,62.07,86.90
481,1,-0.814,-1.474,-1.349,-1.065,-1.418,19,0.762,31.36,81.19
482,1,1.119,1.057,1.521,1.106,0.645,14,0.722,54.79,81.64
483,1,0.820,0.440,1.349,0.937,0.844,12,0.402,70.34,87.84
484,1,-0.530,0.376,0.211,-0.701,-0.221,17,0.537,53.82,70.36
485,1,0.111,-1.091,-0.043,-0.423,-0.078,13,-0.046,37.13,82.81
486,1,-0.575,-0.092,0.516,0.647,0.227,12,-0.311,45.00,70.47
487,1,0.096,-0.018,-0.203,-0.761,0.020,14,-0.183,52.32,67.09
488,1,-1.367,0.639,0.017,0.428,0.205,12,-0.514,32.11,81.54
489,1,1.362,1.901,1.434,0.974,1.820,16,0.496,69.05,104.88
490,1,-0.177,0.838,0.273,0.538,-0.572,15,0.988,60.57,87.25
491,1,-0.906,0.191,-1.018,-1.358,-0.921,13,-0.442,50.19,85.93
492,1,1.042,0.888,1.299,0.194,1.207,14,1.863,57.31,93.66
493,1,1.596,0.632,1.712,-0.066,1.604,17,0.300,71.63,105.76
494,1,-0.797,0.735,-0.110,-0.038,0.452,20,0.761,59.08,66.92
495,1,0.579,0.496,0.197,1.011,-0.095,15,0.822,61.67,77.17
496,1,1.452,1.464,0.571,1.297,1.461,16,-0.546,58.25,87.29
497,1,-0.623,-0.893,-0.245,-0.876,-0.439,14,0.867,46.00,54.86
498,1,1.557,0.758,1.839,0.977,1.017,17,1.279,68.06,95.28
499,1,-0.354,0.455,-0.207,0.229,-0.391,12,-1.044,47.88,64.82
500,1,1.544,0.159,1.077,1.676,0.556,13,1.264,46.81,77.83
501,2,1.819,0.530,0.686,1.311,0.987,19,1.173,50.12,77.21
502,2,-0.577,-0.812,-0.628,-0.522,-0.325,11,-0.511,34.91,55.19
503,2,-1.056,-0.479,-0.484,-0.413,-0.978,20,0.816,39.57,52.43
504,2,1.891,1.296,1.342,0.332,1.368,11,-2.202,53.51,64.68
505,2,-0.079,-1.431,-1.633,-0.918,-0.719,15,0.395,33.44,52.27
506,2,-0.107,0.882,-0.106,-0.734,0.450,16,0.717,44.39,93.91
507,2,0.348,0.734,1.347,0.964,2.067,16,0.264,49.97,78.55
508,2,0.708,1.215,1.180,0.591,0.686,15,0.800,44.04,84.38
509,2,-0.143,-1.309,-0.890,-0.858,-1.181,18,-1.594,25.95,80.92
510,2,0.624,-0.509,-0.107,0.103,-0.315,12,-3.298,58.44,64.83
511,2,-0.534,0.601,0.021,0.296,-0.043,14,0.302,47.29,85.02
512,2,0.755,0.320,-0.276,-0.089,-0.341,13,-0.800,47.56,60.75
513,2,0.265,0.212,0.514,0.261,0.235,10,0.198,41.03,75.93
514,2,-0.143,0.221,0.852,-0.926,0.210,17,-0.618,52.30,68.80
515,2,-0.146,0.273,0.009,-0.593,0.437,14,0.767,59.70,75.32
516,2,-1.558,-1.426,-0.885,-1.411,-1.819,17,-1.263,37.78,62.44
517,2,1.820,0.891,1.285,1.304,1.093,15,0.674,60.98,77.59
518,2,-1.947,-1.107,-2.508,-1.124,0.169,16,-2.213,17.58,67.56
519,2,-0.629,-0.503,-1.362,-2.599,-1.198,12,-0.085,40.43,41.70
520,2,-0.394,-0.082,-1.658,-0.462,-1.407,14,-1.925,37.26,59.89
521,2,0.746,0.749,1.369,1.050,1.503,13,0.901,63.17,86.34
522,2,-0.087,0.036,0.712,-0.624,0.437,19,-0.307,36.37,63.18
523,2,-1.165,-0.492,-1.335,0.623,-0.450,17,0.407,32.52,83.25
524,2,-1.213,0.437,-0.024,-0.883,-0.495,19,-0.573,44.33,54.58
525,2,-0.794,-0.436,-1.254,-1.003,-0.158,13,0.331,31.21,56.02
526,2,-0.473,-1.430,-1.090,-1.022,-1.296,16,0.397,36.74,53.97
527,2,-1.251,0.189,-0.854,-0.021,-0.486,11,-0.428,36.24,66.39
528,2,-0.074,0.056,-0.098,0.666,0.159,14,0.294,52.14,62.47
529,2,-1.267,-1.792,-1.134,-0.740,-0.793,19,-0.935,32.44,44.71
530,2,1.071,1.062,1.275,0.869,1.594,16,-0.123,64.18,72.36
531,2,-0.262,0.317,0.274,0.664,0.735,16,1.293,49.54,72.30
532,2,0.074,0.348,0.537,-0.450,-0.709,12,-0.048,60.43,76.22
533,2,-0.626,-0.700,-0.799,-1.059,-0.710,18,-0.703,38.30,87.11
534,2,-0.901,-1.253,-0.674,-0.384,-0.844,13,-1.320,26.18,58.60
535,2,-0.929,-1.032,-1.655,-0.175,-1.581,18,0.769,22.99,60.30
536,2,0.138,0.186,-0.068,-0.450,-0.489,15,-0.656,55.97,83.61
537,2,0.120,0.047,-0.490,-0.167,-0.307,13,0.270,42.90,87.22
538,2,0.487,0.351,-0.244,-0.204,-0.529,15,-0.670,36.22,74.77
539,2,-0.542,-1.595,-0.721,-1.021,-1.929,19,-0.470,57.83,72.72
540,2,-0.807,-1.246,-2.109,-1.472,-1.533,19,0.550,7.83,52.36
541,2,0.775,-0.281,-0.343,-0.192,0.323,11,-0.952,57.97,88.69
542,2,0.147,0.204,0.165,0.762,-0.187,16,0.631,74.55,82.78
543,2,1.684,1.053,1.060,1.019,0.720,20,-0.458,54.00,104.57
544,2,0.781,1.144,1.155,1.005,0.935,12,-0.274,54.98,74.29
545,2,0.091,-0.381,0.562,0.551,-0.829,15,-0.958,44.35,55.66
546,2,-0.049,-0.304,-0.173,0.617,0.531,15,-0.571,38.87,75.95
547,2,0.852,0.376,0.008,-0.365,0.042,11,1.158,48.34,78.30
548,2,0.088,0.851,-0.310,-0.592,0.335,19,-0.670,54.55,74.50
549,2,1.247,0.368,1.458,1.156,0.972,17,0.718,54.36,67.07
550,2,-0.744,-0.855,-1.073,-0.643,-0.830,16,-1.188,43.05,63.00
551,2,-0.283,1.019,-0.559,-0.153,-0.786,13,-1.717,44.24,77.83
552,2,-0.918,-0.638,-0.924,-0.284,-0.077,13,1.185,28.06,85.99
553,2,-1.996,-1.499,-1.369,-0.932,-0.120,10,-1.355,24.12,44.09
554,2,-1.212,-0.720,-0.859,-1.235,-0.271,14,-1.320,50.98,89.61
555,2,-0.969,-1.092,-0.898,-1.143,-0.597,19,-1.314,48.34,42.06
556,2,1.087,0.911,0.926,0.324,1.301,13,-0.665,65.48,59.44
557,2,1.730,1.560,0.655,1.090,1.368,17,-0.769,58.49,77.56
558,2,0.047,0.080,-0.232,-0.799,-0.146,19,0.219,61.53,89.94
559,2,-0.061,0.407,-0.064,-1.040,0.233,19,-0.628,70.67,75.64
560,2,0.672,0.430,0.739,0.630,0.768,17,0.092,53.83,58.75
561,2,0.369,0.875,-0.036,-0.508,-0.113,17,0.136,66.21,80.23
562,2,1.414,2.076,0.197,0.736,1.079,12,1.377,61.28,90.75
563,2,-2.164,-1.303,-0.514,-0.465,-0.864,17,0.498,29.60,74.67
564,2,-1.285,-0.526,-1.886,-0.129,-1.552,19,-1.577,39.70,55.71
565,2,-0.279,0.477,-0.034,-1.331,-0.288,19,-0.166,46.40,74.18
566,2,-0.044,-0.195,-0.803,0.185,-0.248,17,-1.217,50.45,70.45
567,2,0.281,0.767,0.476,0.080,-0.071,14,-0.671,52.79,79.54
568,2,-0.425,-0.555,-0.690,-0.106,0.669,13,-0.109,56.29,60.52
569,2,-0.224,0.181,-0.602,-0.467,0.174,14,-0.821,50.94,76.17
570,2,1.686,1.063,0.902,1.161,1.496,13,-0.675,56.08,77.87
571,2,0.085,0.450,-0.624,0.037,-0.481,11,0.726,44.22,75.78
572,2,-0.990,-0.340,-1.298,-0.362,-0.880,19,0.561,33.80,63.03
573,2,-1.700,-0.660,-0.416,-0.871,-0.633,11,1.035,36.84,48.95
574,2,0.095,-0.407,-0.227,0.338,0.293,12,1.484,41.79,63.13
575,2,-0.855,-0.578,-2.001,-0.938,-0.334,20,0.180,57.70,51.15
576,2,1.183,1.981,1.220,0.334,0.659,15,0.271,64.00,83.93
577,2,-0.088,0.339,-0.154,0.179,-0.439,18,-0.529,43.71,65.81
578,2,1.457,1.174,2.079,0.227,2.157,16,-0.695,49.66,70.27
579,2,-0.873,-1.050,-1.147,-0.809,-1.035,17,-0.409,34.10,47.38
580,2,1.335,0.823,1.268,1.220,0.588,18,-0.304,81.93,77.21
581,2,1.414,1.647,0.709,1.323,1.124,15,-0.664,46.59,58.73
582,2,1.420,1.656,1.370,0.816,1.191,17,0.502,57.47,84.48
583,2,-0.076,-0.074,-0.303,0.559,1.677,14,-1.572,28.01,65.65
584,2,-0.819,-1.012,-1.042,-1.787,-1.305,10,0.108,24.22,49.22
585,2,-0.017,0.532,0.800,0.188,0.573,19,-0.415,61.97,78.52
586,2,-0.417,1.071,0.961,0.202,-0.007,15,-0.955,40.36,76.25
587,2,-0.286,0.198,-0.362,-0.017,-0.648,12,-0.390,40.08,72.02
588,2,-0.682,-0.246,-1.740,-1.462,-0.868,16,-0.875,22.57,45.36
589,2,-1.781,-0.866,-0.691,-1.418,-0.388,15,0.993,25.24,87.73
590,2,-0.847,-0.932,-0.308,-0.864,-0.037,13,-0.626,53.38,79.27
591,2,-1.189,-1.527,-0.756,-0.736,-1.275,20,-2.241,43.23,77.03
592,2,1.267,1.128,2.285,0.660,1.568,18,-0.475,65.38,79.48
593,2,-0.205,-0.268,-1.327,-0.880,-0.692,14,-1.630,23.44,69.02
594,2,-0.273,-0.580,-0.441,0.402,-0.562,19,0.146,53.18,72.37
595,2,-0.405,-0.783,-0.546,-1.110,-0.787,12,-0.582,37.19,56.11
596,2,0.072,0.238,-0.433,-0.864,0.080,12,-1.195,38.49,56.19
597,2,-0.106,0.049,-0.441,0.528,-0.489,13,0.132,32.72,86.75
598,2,-0.624,0.032,-0.633,-0.603,0.447,15,-0.790,33.77,58.97
599,2,-0.128,-0.875,-0.463,-0.598,0.706,15,-0.055,41.42,87.06
600,2,-1.113,-0.636,0.640,0.446,0.727,17,0.782,48.02,72.63
601,2,-0.469,-0.455,0.046,-0.349,-1.006,18,-0.570,32.40,73.86
602,2,0.466,-0.332,0.543,-0.057,0.681,16,-2.590,38.97,80.37
603,2,1.272,0.947,0.451,0.774,1.182,17,1.026,55.06,93.87
604,2,-1.399,-0.041,-1.031,-0.333,-1.527,18,-0.878,30.72,71.96
605,2,0.862,-0.369,-1.470,-0.297,0.440,11,0.249,33.49,79.75
606,2,-0.731,0.159,-0.378,-0.296,-0.282,19,0.227,33.76,47.87
607,2,0.133,-0.105,-0.474,0.642,0.148,17,-2.254,18.32,70.01
608,2,-0.486,0.128,0.390,-0.473,-1.210,15,-0.264,48.56,62.98
609,2,-0.115,0.305,0.016,0.639,-0.156,19,0.200,63.65,80.00
610,2,-1.085,-0.685,-2.060,-0.226,-0.972,10,0.072,28.99,82.96
611,2,0.422,-0.257,0.007,-0.009,0.693,19,0.725,51.31,99.16
612,2,0.015,-0.540,-1.015,-0.151,0.442,12,-1.183,38.84,66.84
613,2,-0.256,0.627,0.304,-1.401,0.070,11,-0.073,61.17,76.93
614,2,-0.270,0.185,0.552,-0.853,-0.155,18,-2.513,48.10,67.96
615,2,-0.751,0.443,-0.618,-0.292,-0.219,16,0.078,53.70,80.26
616,2,-0.349,-0.791,-1.627,-1.225,-0.828,18,-0.459,50.88,62.51
617,2,0.568,1.884,0.568,0.847,0.467,11,-2.463,43.61,74.80
618,2,-1.391,-0.287,-2.112,-1.507,-1.430,15,-0.941,47.32,87.38
619,2,-1.448,-1.507,-1.351,-1.634,-0.468,10,0.994,34.85,59.98
620,2,1.295,0.786,0.293,1.324,0.365,14,0.663,55.98,57.06
621,2,-1.933,-1.548,-1.261,-1.161,-0.824,19,1.435,39.02,53.14
622,2,-0.231,-1.585,-1.283,-0.701,-1.250,13,0.092,52.64,60.92
623,2,-0.023,0.074,-0.041,0.262,-0.388,17,0.417,38.42,99.72
624,2,1.112,1.743,1.433,-0.651,1.457,19,-1.069,60.26,73.31
625,2,-1.894,-0.618,-0.911,-0.434,-0.379,17,-1.606,20.86,43.85
626,2,0.607,-0.676,-0.143,0.379,-0.826,10,-0.154,48.09,85.43
627,2,0.845,1.465,0.273,0.251,0.788,16,-0.126,62.15,75.25
628,2,-0.824,-1.520,-1.552,-0.222,-0.004,12,-0.093,25.18,64.56
629,2,0.743,0.232,1.094,-0.577,-0.024,13,-2.792,60.02,72.01
630,2,-0.641,-0.396,-1.421,-1.840,-1.301,15,-0.705,32.57,63.11
631,2,-1.274,-0.306,-1.176,-0.717,-1.038,20,-1.023,37.73,58.95
632,2,-0.346,-1.181,-1.465,-1.192,-1.447,14,-0.792,24.54,59.58
633,2,-1.146,-1.183,-0.065,-0.843,-0.480,17,-2.673,38.90,84.33
634,2,1.015,1.826,0.627,0.237,1.040,13,-0.870,54.63,77.52
635,2,-0.792,-1.106,-1.588,-0.988,-1.256,13,-0.666,37.49,60.30
636,2,0.058,0.152,-0.504,0.203,0.050,14,0.300,15.25,72.79
637,2,-0.491,0.181,-0.018,0.766,-0.400,17,0.982,61.93,72.58
638,2,-0.389,-0.995,-0.822,-1.242,0.089,19,0.294,48.01,52.81
639,2,-1.390,-0.303,-0.081,0.618,0.401,15,-1.691,44.98,57.24
640,2,-0.216,-0.913,-1.539,-1.603,-0.166,20,0.007,26.21,63.21
641,2,-1.083,-0.933,-1.820,-1.156,0.220,11,-0.314,34.67,63.61
642,2,-1.134,-0.764,-0.701,-0.190,-0.755,11,-0.195,45.91,57.08
643,2,-0.676,0.009,-0.619,0.305,0.616,17,0.527,40.57,69.31
644,2,-0.132,-0.165,0.165,0.053,-0.495,10,-0.059,31.37,82.00
645,2,0.208,-0.660,0.133,-0.235,-0.210,16,-1.050,41.17,65.52
646,2,-1.566,-0.158,-1.393,-0.828,-1.333,19,-0.428,40.05,69.04
647,2,-1.210,-1.229,-1.306,-0.081,-0.496,13,1.273,38.93,45.36
648,2,-1.803,0.720,-0.554,-0.367,-0.743,15,-0.501,46.38,85.16
649,2,-0.887,0.827,0.420,-0.512,1.063,12,-1.028,35.60,78.50
650,2,-0.773,-1.175,-1.420,-1.143,-1.408,15,-0.608,22.82,74.21
651,2,0.097,0.045,0.475,0.193,0.106,18,-1.420,56.16,91.58
652,2,-0.683,-1.133,-1.665,-0.456,-1.262,10,0.813,19.63,70.44
653,2,-1.210,-1.292,-0.969,-1.330,-0.135,17,-0.325,33.57,93.59
654,2,0.585,-0.157,-0.711,0.106,0.590,19,0.380,62.14,93.23
655,2,-0.317,-0.547,-1.215,-1.427,-1.260,14,-1.103,42.09,71.26
656,2,0.156,-0.077,0.256,-0.316,-0.328,15,-0.476,48.22,59.89
657,2,0.264,0.378,-0.543,0.036,0.029,15,-0.596,48.14,71.44
658,2,-0.122,-1.872,-1.114,-0.646,-0.603,17,0.018,18.19,76.79
659,2,-0.793,-1.794,-1.483,-1.420,-0.195,11,-0.725,40.26,58.35
660,2,1.694,0.804,0.999,1.664,0.948,11,-0.008,44.91,78.76
661,2,-0.803,-0.556,-1.917,-1.339,-1.338,16,1.545,4.02,79.62
662,2,-0.436,0.228,0.371,0.188,0.064,16,-1.264,40.58,83.36
663,2,-0.826,-1.144,-1.995,-1.253,-0.609,19,-1.255,19.43,75.21
664,2,0.100,-0.074,-0.131,-0.884,0.306,19,0.393,51.73,54.18
665,2,0.167,0.673,-0.701,0.275,-0.024,20,-0.835,37.24,67.03
666,2,-0.007,-0.173,0.517,-0.493,0.500,11,-0.667,30.46,90.40
667,2,1.421,0.332,0.575,0.815,1.336,17,-0.220,41.74,72.90
668,2,-0.029,-0.367,0.083,-0.367,-0.339,19,-1.089,46.43,70.15
669,2,0.044,0.102,-0.314,-0.226,-0.172,16,0.915,55.25,74.40
670,2,0.628,0.812,-0.238,0.013,-0.668,16,-0.099,67.21,91.83
671,2,-1.025,-0.706,-1.808,-1.115,-0.970,19,-1.459,21.44,57.70
672,2,1.047,0.897,1.028,1.149,1.426,12,-1.229,38.86,55.76
673,2,-0.581,-0.194,-0.213,-0.474,0.254,17,-0.076,50.86,70.58
674,2,0.069,-0.041,0.248,-0.559,1.068,16,-0.550,31.20,82.88
675,2,0.646,1.315,0.765,0.771,1.428,10,-0.861,41.08,66.44
676,2,0.107,-0.289,-0.154,0.370,0.132,17,-1.265,40.88,77.67
677,2,0.068,-0.115,-0.601,0.759,-0.717,15,0.223,51.12,68.53
678,2,-0.006,-0.254,-0.602,0.735,-0.602,12,1.282,52.41,70.43
679,2,-0.933,-0.920,-0.920,-1.878,-1.245,11,0.173,40.78,50.71
680,2,0.189,0.387,0.720,0.044,0.339,19,-0.575,51.37,52.37
681,2,-1.597,-0.785,-1.653,-0.665,-1.706,13,0.054,27.57,68.54
682,2,-0.537,-0.331,0.162,-0.308,0.060,13,-0.142,47.80,71.37
683,2,0.251,0.339,0.357,-0.830,0.158,18,-0.208,53.91,65.54
684,2,0.255,-0.320,0.927,0.734,-0.377,18,-0.930,46.40,44.73
685,2,-1.511,-1.036,-0.929,-0.419,-1.839,19,-1.214,14.00,76.58
686,2,-1.168,-1.345,-0.929,-1.641,-1.298,10,0.642,17.93,51.08
687,2,-1.107,-0.225,-2.304,-0.546,-0.430,17,0.950,42.22,71.70
688,2,-0.217,-0.457,-0.540,-0.868,0.077,17,0.262,34.98,30.24
689,2,-1.082,-0.892,-0.644,-1.132,-0.106,18,-0.869,49.34,69.87
690,2,-0.980,-0.342,-0.480,-1.241,-0.649,17,0.465,57.52,77.91
691,2,0.062,-0.036,0.341,-0.581,-0.030,13,-1.393,41.46,60.70
692,2,0.375,0.176,0.590,0.410,-0.287,11,-0.771,36.58,81.89
693,2,0.396,0.684,-0.746,-0.515,-0.059,13,-1.440,27.32,71.13
694,2,-1.897,-1.254,-1.718,-1.389,-1.072,17,0.099,30.88,65.10
695,2,-1.051,-1.351,-0.817,-1.355,-0.775,13,1.068,41.74,81.08
696,2,0.155,0.227,0.204,0.205,-0.259,12,-0.490,26.43,78.16
697,2,0.591,0.547,0.202,0.113,-0.012,19,-0.362,62.16,67.41
698,2,-0.098,0.243,-0.565,0.232,-0.242,13,2.116,34.58,78.70
699,2,-1.077,-1.177,-0.813,-1.133,-1.411,12,-0.610,50.81,58.11
700,2,-1.313,-1.089,-1.785,-0.116,-0.777,11,0.529,39.37,76.52
701,2,1.076,1.013,1.326,1.542,1.790,12,1.059,51.97,70.04
702,2,-2.046,-0.267,-0.280,-0.606,-1.833,13,0.046,35.77,62.07
703,2,-0.447,-0.320,-1.081,-0.258,-0.285,13,0.764,35.46,80.58
704,2,0.047,-1.248,-0.630,-0.571,-0.936,17,0.946,37.20,40.06
705,2,-0.607,-0.071,-1.117,-1.741,-0.696,18,-0.102,39.30,70.71
706,2,-1.635,-0.660,-0.951,-1.383,-0.871,17,1.021,34.07,60.92
707,2,-1.974,-2.062,-1.792,-1.349,-0.219,20,2.130,32.53,65.14
708,2,-0.964,-0.783,-1.877,-0.319,-1.990,12,-0.663,20.81,65.95
709,2,1.252,-0.203,-0.894,-0.546,-0.426,10,-1.601,41.49,81.66
710,2,-1.782,-1.340,-1.559,-1.221,-0.895,14,0.297,42.81,66.04
711,2,0.543,0.250,-0.225,-0.061,-0.733,13,-0.845,40.51,106.15
712,2,-2.442,-1.808,-1.790,-1.916,-0.771,12,-0.398,29.90,79.43
713,2,0.853,-0.357,-0.750,-0.024,0.719,12,1.475,36.57,28.53
714,2,-1.451,-1.119,-1.321,-1.682,0.458,15,0.600,39.72,63.09
715,2,0.293,-0.822,0.985,-0.084,0.511,11,0.511,42.43,69.64
716,2,-0.754,-0.622,-0.624,-0.981,-0.876,12,1.270,43.20,78.63
717,2,-0.261,-0.342,-1.287,-0.738,-1.115,12,0.465,39.16,81.55
718,2,-0.212,0.869,-0.724,-0.553,-1.041,14,-0.249,38.32,83.67
719,2,0.879,0.993,0.436,1.495,1.902,15,0.784,66.33,78.76
720,2,-0.463,-1.113,-1.520,-0.024,0.103,16,-0.653,14.65,56.81
721,2,0.874,1.381,0.751,1.171,1.621,18,0.566,47.94,51.62
722,2,-0.888,-0.777,-0.946,-0.959,-0.908,13,0.421,34.26,58.49
723,2,-0.244,-0.177,0.553,0.145,-0.294,17,-1.748,43.51,61.43
724,2,-1.802,-0.668,-1.682,0.392,-0.534,18,-0.807,39.26,56.62
725,2,-0.533,-1.486,-1.172,-1.711,0.301,15,-1.694,32.22,78.80
726,2,1.351,1.574,1.903,0.885,1.059,20,0.958,69.23,56.08
727,2,-0.022,-0.153,-0.108,0.294,-0.267,15,0.442,58.13,74.94
728,2,-0.808,0.146,-0.295,-0.035,0.245,13,-2.133,49.42,65.88
729,2,-0.916,-1.500,-0.800,-0.824,-2.472,17,1.502,37.76,57.61
730,2,-0.857,-0.205,-0.813,-0.525,-0.401,13,-0.927,43.96,89.79
731,2,0.216,0.018,0.393,-0.301,-0.029,20,-0.425,40.94,60.51
732,2,-0.653,-0.813,-0.121,-0.515,-1.342,17,0.194,55.54,82.02
733,2,-1.143,-0.773,-1.391,-0.728,-0.874,17,0.757,50.06,74.87
734,2,-0.826,-0.524,-1.137,-0.523,-0.400,19,-0.388,39.27,40.72
735,2,-1.358,-0.337,-1.374,-0.597,-1.125,12,0.825,40.33,72.36
736,2,0.153,-0.035,-0.061,-0.207,-0.588,18,-0.007,48.17,63.89
737,2,-0.350,-0.946,0.331,-0.425,0.060,19,-1.464,62.88,66.02
738,2,0.971,1.143,1.334,0.156,1.013,16,0.742,51.75,72.63
739,2,-0.889,-1.101,-1.275,-0.990,-0.729,12,-0.270,40.40,50.51
740,2,0.159,-0.357,-0.346,-0.299,-0.048,19,0.940,41.34,61.98
741,2,-0.510,-0.675,-0.943,-0.846,-0.985,17,1.101,40.92,66.06
742,2,-1.011,-1.048,-1.567,-0.214,-0.935,15,-0.748,33.11,51.62
743,2,0.327,-0.841,0.055,-0.230,-0.727,18,0.368,30.46,57.32
744,2,-0.301,-0.023,-0.398,0.759,0.079,17,0.026,47.26,62.73
745,2,-0.255,0.659,0.146,0.035,0.107,20,0.738,55.17,87.13
746,2,-0.397,-0.490,-0.193,0.251,0.317,19,0.177,49.26,80.82
747,2,-0.493,0.395,-0.690,-0.311,-0.137,14,-0.099,23.03,55.36
748,2,-0.578,0.171,-0.348,0.833,0.497,17,0.734,45.72,73.89
749,2,-1.184,-0.038,-0.415,-0.630,-0.503,14,1.761,49.45,74.07
750,2,1.203,0.661,-0.412,1.059,0.713,10,-0.429,67.87,77.34
751,2,-0.300,0.056,0.021,0.550,0.223,18,0.166,62.34,61.07
752,2,1.126,-0.182,-0.444,0.283,0.304,10,-1.910,67.33,51.42
753,2,0.265,0.395,-0.342,0.036,0.189,14,-1.732,57.60,74.17
754,2,-1.133,0.322,-0.151,0.411,-0.490,17,-0.884,30.82,74.29
755,2,1.125,0.976,0.929,0.831,1.645,13,-0.507,64.60,99.85
756,2,-1.011,-1.250,-0.646,-1.000,-0.955,12,-0.637,45.12,61.66
757,2,1.394,0.661,1.531,0.341,1.164,14,-0.534,42.88,74.25
758,2,-0.242,-0.343,-0.258,-0.456,0.532,12,0.285,46.06,64.90
759,2,0.296,-0.273,0.384,0.106,0.817,17,-0.415,23.44,65.18
760,2,-1.353,0.416,-1.406,-0.786,0.061,13,-0.795,41.03,67.78
761,2,-0.154,0.635,-0.816,0.573,-0.572,17,-0.707,45.46,49.73
762,2,0.192,0.232,-0.882,0.303,0.063,11,-0.486,44.94,70.13
763,2,1.262,1.039,1.821,0.343,0.900,14,-1.488,55.94,56.62
764,2,0.425,0.762,0.310,0.521,-1.016,13,-2.245,61.77,84.84
765,2,-0.894,-0.978,-1.111,-1.091,-1.238,20,-0.758,33.40,66.47
766,2,0.436,-0.148,0.143,0.056,0.778,12,-0.276,33.06,73.63
767,2,-0.476,-0.151,-0.841,-0.209,-1.287,17,0.142,40.68,70.69
768,2,0.341,0.057,-0.985,0.634,-0.169,13,-0.732,57.19,69.30
769,2,-1.888,-0.653,-1.333,-0.434,-1.232,19,1.088,29.24,76.48
770,2,-0.896,-0.849,-0.961,-0.179,0.358,14,-0.285,28.78,45.79
771,2,-1.194,-0.664,-1.049,-1.485,-0.958,11,-1.171,49.26,48.57
772,2,-0.688,-1.369,-1.231,-1.493,-1.307,11,-0.326,28.68,71.02
773,2,1.471,1.338,0.577,0.869,0.927,14,-1.177,48.28,84.88
774,2,0.380,-0.105,-0.391,0.562,-0.676,11,0.858,64.44,70.17
775,2,0.377,-0.542,0.685,0.142,0.092,19,-1.660,53.83,60.22
776,2,-0.575,-0.290,-0.702,-0.902,-0.722,16,-0.095,51.38,70.52
777,2,-0.726,-1.328,-1.749,-1.342,-0.931,18,0.646,21.38,55.60
778,2,-0.922,-0.673,-1.435,-1.576,-0.099,15,-0.267,11.60,64.84
779,2,0.180,0.379,0.214,-0.889,-0.185,11,1.343,58.65,81.35
780,2,-0.709,-0.668,-2.015,-1.033,-1.375,19,-0.513,32.19,64.24
781,2,-1.493,-1.108,-1.499,-1.463,-1.085,10,-0.911,28.76,58.56
782,2,1.608,1.412,1.191,1.278,0.579,15,1.817,61.42,74.67
783,2,-0.806,0.637,0.292,-0.191,0.235,17,0.122,55.39,84.10
784,2,0.656,-0.768,-0.235,0.243,0.245,17,-0.546,52.41,66.79
785,2,-0.350,-1.435,-0.828,-0.599,-0.763,19,-0.241,30.75,55.90
786,2,0.072,0.579,-0.410,-0.286,0.463,17,0.860,44.21,75.69
787,2,1.084,1.005,1.238,1.169,1.342,12,-0.222,64.68,91.64
788,2,-1.507,-1.903,-1.308,-1.362,-0.461,17,1.002,19.95,44.33
789,2,-0.814,-0.344,-0.280,-0.133,-0.359,19,0.649,55.37,70.04
790,2,0.913,1.080,1.650,0.620,1.662,17,-0.831,74.14,74.02
791,2,0.632,-0.441,0.369,-0.981,-0.292,14,-0.478,59.69,84.94
792,2,-1.151,-1.064,-1.002,-0.585,-1.077,19,0.413,18.03,72.53
793,2,-0.021,-1.409,-0.466,0.238,-0.123,15,-1.127,43.20,49.27
794,2,-1.022,0.043,-1.440,-0.187,-1.056,11,-2.572,48.34,60.62
795,2,-1.204,-0.849,-0.571,-1.186,-1.017,11,0.332,42.90,61.06
796,2,0.021,0.950,-0.590,-1.179,0.729,12,1.117,57.60,59.45
797,2,-0.579,-0.265,-1.445,-0.564,-0.876,17,-0.266,50.93,72.33
798,2,0.086,-0.291,-0.123,-0.679,0.128,13,0.066,44.93,56.02
799,2,0.058,-0.362,0.592,0.180,0.266,14,-0.176,46.72,57.16
800,2,-1.570,-1.077,-0.642,-0.257,-0.807,10,0.444,32.40,74.07
801,2,-1.292,-1.112,-1.470,-1.728,-1.376,10,-0.769,27.31,73.55
802,2,-1.147,-0.275,-1.636,-0.892,-1.606,13,-1.135,23.52,61.05
803,2,-1.031,-1.439,-1.778,-0.191,-0.585,18,-1.501,40.78,44.77
804,2,-1.929,-0.827,-1.782,-0.401,-0.726,14,-0.182,24.00,59.39
805,2,-1.512,-0.756,-1.388,-1.120,-0.868,18,0.170,20.48,83.02
806,2,-0.122,-0.540,-0.197,-0.026,-0.668,18,0.938,33.21,81.43
807,2,-1.089,1.136,-0.412,0.908,-0.138,13,-0.106,23.86,67.26
808,2,0.531,0.937,1.333,1.010,1.143,15,-1.509,57.33,65.35
809,2,1.693,1.506,1.493,0.929,0.354,12,-0.524,48.80,66.54
810,2,-1.404,-0.561,-1.329,-0.986,-0.616,19,-1.473,47.53,70.56
811,2,-1.376,-1.066,-1.044,-1.653,-0.655,18,-0.131,49.26,43.86
812,2,-0.585,-0.404,-1.651,-0.474,-1.166,14,0.997,46.82,55.06
813,2,-1.189,-0.704,-1.422,-1.070,-1.557,15,-0.827,35.73,69.57
814,2,0.518,-0.687,0.199,0.571,0.181,18,-1.734,52.82,32.55
815,2,0.403,0.084,-0.497,-0.536,0.005,11,-1.004,30.09,93.99
816,2,0.768,0.323,-0.247,0.236,-0.151,17,1.380,56.34,92.55
817,2,-0.706,-0.102,-1.101,-1.396,-1.033,11,-0.613,49.74,72.39
818,2,0.444,0.600,1.315,0.746,0.833,19,-0.743,39.78,73.92
819,2,-0.273,0.566,0.306,-0.639,0.318,16,-0.723,41.95,67.23
820,2,0.984,1.349,1.205,1.186,1.324,15,-2.151,61.74,75.73
821,2,-0.729,-0.811,-0.335,-2.153,-1.299,12,-0.550,42.14,56.84
822,2,-0.173,-0.033,-0.805,-0.042,-0.412,18,-1.305,27.50,58.91
823,2,0.405,0.458,0.162,-0.132,-0.092,19,1.254,48.37,80.29
824,2,-0.499,1.124,-0.721,-0.241,-0.311,18,-0.476,32.94,84.47
825,2,-0.635,-0.023,-0.110,0.012,-0.417,11,-1.881,36.83,68.26
826,2,0.501,-0.194,-0.337,-0.138,-0.688,17,0.437,44.07,75.66
827,2,-1.276,-1.037,-0.482,-1.074,-0.575,12,-0.054,35.47,57.76
828,2,-0.602,0.329,-0.995,0.154,0.821,12,0.020,46.59,64.99
829,2,-0.980,-1.244,-1.312,-1.346,-1.163,12,-0.497,28.16,47.55
830,2,-1.213,-0.700,-0.940,-1.081,-0.514,12,-0.206,33.53,60.84
831,2,-1.125,-1.205,-0.908,-1.092,-0.853,18,0.087,44.52,70.45
832,2,-0.680,0.134,-0.316,0.276,-0.061,15,0.780,36.69,67.23
833,2,-0.171,-0.402,-1.421,-1.325,-0.598,17,-1.375,35.51,63.08
834,2,-1.792,-0.994,-1.899,-1.142,0.194,11,0.245,33.64,59.06
835,2,-1.110,-0.877,-0.842,-1.010,-0.493,17,0.991,38.34,69.14
836,2,0.888,1.532,0.746,0.202,0.878,15,-0.177,74.41,67.45
837,2,-1.267,-0.568,-1.612,-0.312,-0.430,19,0.097,48.93,54.42
838,2,-0.734,-1.121,-1.021,-1.819,-0.857,16,-0.321,29.13,72.17
839,2,-0.270,-0.304,-0.033,-0.194,0.413,14,-0.895,35.55,59.33
840,2,-0.612,-2.113,-2.008,-1.071,0.189,15,-0.353,19.95,68.57
841,2,1.151,0.348,1.241,1.435,1.251,15,-0.129,76.59,63.28
842,2,0.931,1.194,0.565,0.709,1.138,13,-0.134,49.98,94.37
843,2,-0.574,0.254,0.148,-0.575,0.929,14,0.911,30.23,69.37
844,2,-1.411,-0.770,-0.106,-1.097,-1.161,13,0.346,39.47,47.32
845,2,-1.380,-1.500,-1.798,-1.100,-1.175,12,-0.443,21.93,58.06
846,2,-0.397,-0.408,-0.671,-0.426,-0.184,14,0.540,26.02,55.60
847,2,-1.380,-1.480,-0.624,-1.313,0.141,14,-0.554,32.09,50.09
848,2,0.886,2.229,1.517,0.137,1.247,12,-1.131,72.02,67.19
849,2,0.675,1.753,1.215,0.686,1.663,18,-0.746,41.58,76.45
850,2,-1.730,-1.543,-0.752,-0.493,-0.274,19,-0.583,33.80,62.22
851,2,-0.062,0.369,0.317,-0.207,0.124,11,0.242,51.47,80.94
852,2,-0.566,-1.584,-0.953,-1.034,-1.381,15,0.900,17.80,96.14
853,2,-0.426,-0.967,-0.021,-1.732,-1.821,11,0.835,33.74,72.99
854,2,0.798,0.156,0.149,0.184,-0.623,14,0.466,51.61,65.37
855,2,0.153,-0.390,-0.900,-0.369,-0.000,14,0.387,41.10,62.53
856,2,-1.363,-1.199,-1.118,-1.836,-0.366,15,-0.326,34.60,90.14
857,2,-1.173,-1.232,-1.708,-0.939,-0.626,13,-0.365,18.59,63.54
858,2,-0.517,-0.526,-2.327,-0.919,-0.604,19,-0.219,22.03,80.48
859,2,-1.279,-0.732,-1.576,-1.257,-0.996,13,0.105,27.89,40.18
860,2,-0.649,1.508,0.019,0.064,-0.861,11,-0.231,28.43,49.29
861,2,-1.134,-1.795,-1.971,-0.853,-0.958,17,-0.544,18.39,68.43
862,2,0.464,0.541,-0.233,0.150,-0.712,10,-1.062,46.49,67.55
863,2,-1.477,-0.414,-0.856,-0.775,-1.277,16,-1.191,54.94,79.77
864,2,0.871,1.094,0.359,0.491,0.264,17,-0.796,40.52,58.92
865,2,0.904,1.100,1.719,0.379,0.812,11,-0.666,61.39,74.72
866,2,0.756,0.076,-0.501,-0.053,-0.250,11,-1.552,52.71,79.92
867,2,-2.029,-0.566,-1.237,-0.461,-0.646,13,-0.335,28.34,78.74
868,2,-0.028,-0.072,-0.252,-0.900,-0.211,15,-0.819,35.22,88.42
869,2,1.618,1.624,1.638,1.769,1.214,16,0.642,47.63,63.47
870,2,0.040,-0.059,-0.308,-0.524,0.255,14,0.385,57.39,59.50
871,2,-0.980,-1.408,-1.148,-0.374,-0.377,14,-0.575,37.22,45.16
872,2,-1.971,-0.780,-1.442,-0.844,-0.962,18,-1.630,59.92,53.11
873,2,-0.436,-1.342,-0.438,-2.098,-0.504,13,-0.558,42.70,39.47
874,2,-1.712,-0.825,-1.527,-1.417,-0.529,19,-1.751,20.00,63.82
875,2,-1.667,-0.942,-1.373,-0.977,-0.030,11,0.508,18.66,62.13
876,2,-0.017,0.106,-0.668,-0.066,0.542,12,-0.181,37.81,72.39
877,2,-0.975,-1.298,-0.895,0.400,-1.167,13,-1.358,35.21,51.79
878,2,-0.533,0.119,-0.797,1.080,-0.394,20,-1.788,40.08,94.37
879,2,-0.869,0.119,-0.524,-0.919,-1.594,19,-0.068,35.02,74.50
880,2,0.028,-1.011,0.549,-0.486,0.143,17,-0.577,39.64,64.21
881,2,-1.289,-0.761,-0.673,-1.392,-0.805,14,-0.874,13.18,73.67
882,2,-1.226,-1.001,-1.537,-0.819,0.232,19,1.330,38.44,68.31
883,2,0.112,-0.101,0.008,-0.785,0.356,17,-0.595,46.61,80.74
884,2,0.021,-0.037,-0.264,0.033,0.199,11,0.038,18.93,99.35
885,2,-1.239,-0.794,-1.137,-1.551,-0.507,12,-1.155,38.66,66.54
886,2,-1.446,-0.204,-1.146,-1.187,0.068,14,-1.622,34.64,93.05
887,2,-0.440,0.190,0.823,-1.005,1.253,16,1.384,49.57,68.29
888,2,1.501,1.618,0.472,0.752,1.196,14,0.318,58.30,68.65
889,2,-1.056,-0.847,-1.089,-0.613,-1.463,17,-2.087,48.07,57.77
890,2,-0.329,0.025,-0.434,0.053,-0.046,14,0.458,41.57,73.40
891,2,-0.488,-0.675,-0.974,-0.705,-0.517,19,0.789,31.78,74.45
892,2,-0.462,-1.266,-1.247,-1.151,-0.502,16,0.376,42.53,54.66
893,2,1.013,0.436,2.031,1.948,0.845,11,-0.571,52.72,72.75
894,2,-1.205,-1.592,-1.617,-2.080,-0.640,19,-0.328,22.75,58.04
895,2,-0.013,-0.270,0.196,-0.122,0.203,18,1.454,35.02,89.57
896,2,-1.237,-0.910,-1.570,-2.109,-1.288,13,0.015,38.37,67.75
897,2,0.611,-0.453,-0.521,0.067,-1.068,14,-1.504,48.16,70.30
898,2,-0.618,0.142,-1.024,-1.279,0.077,11,-0.016,65.07,57.43
899,2,-0.852,-0.488,-1.058,-0.838,-0.527,16,-1.615,27.79,77.22
900,2,0.365,-0.380,-2.006,-1.475,-1.538,15,-0.142,36.90,60.34
901,2,-1.137,-1.435,-0.969,-1.267,-0.994,14,-1.269,27.18,70.49
902,2,-1.437,-1.864,-1.117,-0.333,-0.390,19,-0.034,38.88,77.61
903,2,1.125,-0.126,0.252,0.464,-0.344,15,-0.185,59.90,62.32
904,2,-0.144,-1.029,-0.206,-0.704,-0.453,18,0.321,56.67,86.77
905,2,-0.848,-1.105,-1.339,-1.774,-1.299,12,0.047,38.12,65.64
906,2,0.535,0.322,-0.744,0.297,0.933,12,-0.335,47.05,51.51
907,2,1.110,1.567,0.343,0.788,1.409,13,0.291,40.49,77.15
908,2,-0.764,-0.877,-1.091,-0.437,-0.907,17,-0.962,4.21,65.63
909,2,-0.701,-0.061,-0.824,-0.341,-0.423,16,0.286,39.59,73.51
910,2,-1.226,-0.596,-1.726,-1.224,-1.860,16,-0.441,33.55,70.81
911,2,-0.641,-1.187,-0.814,-1.204,-1.043,10,-0.533,16.13,50.29
912,2,-1.502,-0.978,-1.002,-0.937,-1.037,15,-1.252,27.83,61.81
913,2,-0.819,-1.418,-0.994,-0.892,-0.214,18,0.013,30.63,61.69
914,2,-1.568,-0.229,-0.685,-0.676,-1.096,13,-1.003,44.25,76.27
915,2,0.169,0.173,-1.113,0.079,-0.723,20,-1.463,25.84,54.43
916,2,-0.790,-1.237,-0.484,-0.377,-0.903,16,2.168,22.25,48.69
917,2,-1.228,-1.737,-1.458,-1.847,-0.270,14,-0.891,31.87,56.53
918,2,1.372,0.911,0.887,1.376,1.833,15,-1.304,46.46,69.77
919,2,-1.174,-0.156,0.031,-1.385,-1.133,19,0.067,48.56,68.79
920,2,-1.823,-0.743,-1.263,-1.139,0.042,13,0.303,37.02,40.94
921,2,1.376,0.749,0.898,1.374,0.931,19,0.139,32.54,62.36
922,2,-0.361,-0.356,-0.284,1.051,0.412,19,-1.520,35.39,47.63
923,2,-1.131,-1.146,-1.148,-0.736,-0.613,10,-0.102,19.01,52.38
924,2,0.327,-0.521,-0.577,-0.164,0.036,18,-0.525,49.11,65.11
925,2,1.496,1.287,0.992,1.033,1.310,18,0.566,56.50,57.46
926,2,-0.082,0.620,-0.423,0.016,0.332,15,0.045,37.91,71.09
927,2,-0.632,0.571,-0.889,0.180,-0.630,16,0.026,34.57,82.84
928,2,-1.414,-1.338,-1.226,-0.649,-0.701,16,-1.539,23.48,51.29
929,2,-1.915,-1.263,-1.638,-0.813,-0.251,15,1.561,28.93,46.29
930,2,-0.663,-0.467,-1.318,0.221,-0.563,14,-1.756,39.90,53.87
931,2,0.674,1.551,1.182,0.921,1.077,15,-0.788,46.70,68.05
932,2,0.113,0.325,-0.716,-0.742,0.069,17,-1.325,43.84,78.52
933,2,-0.664,-1.299,0.252,-0.661,-0.463,19,1.440,35.85,73.18
934,2,-1.398,-0.099,-1.823,-1.468,-0.503,16,-0.328,31.78,64.15
935,2,-0.278,-0.200,-0.871,-1.305,0.246,20,0.774,44.49,41.53
936,2,-1.420,-1.347,-1.681,-1.241,-1.073,19,0.557,23.21,60.96
937,2,-1.288,-2.080,-0.906,-0.940,-0.797,16,0.681,40.89,32.15
938,2,-1.156,-1.386,-1.171,-1.336,-1.256,12,-0.985,15.93,79.27
939,2,-0.838,0.938,-0.139,-0.397,-0.276,18,-1.103,31.38,66.53
940,2,-0.146,-0.472,-0.426,-0.421,0.657,15,1.250,51.10,78.39
941,2,-0.655,0.089,-1.025,-1.006,-1.371,17,-2.125,36.42,54.74
942,2,0.614,0.510,0.084,-0.440,-0.163,19,1.027,44.37,74.40
943,2,0.027,0.238,0.410,0.310,0.154,16,-1.201,75.53,76.61
944,2,-0.522,-1.504,-1.688,-0.958,0.060,15,0.121,17.26,79.76
945,2,0.651,1.646,0.186,1.437,0.895,19,-0.123,65.62,80.15
946,2,0.326,0.292,-0.502,-0.653,0.484,11,0.388,41.81,83.84
947,2,-1.233,-1.122,-1.933,-1.422,-1.128,15,-0.967,22.34,53.32
948,2,0.063,1.245,-0.005,0.191,-0.422,12,1.325,50.77,75.72
949,2,1.688,1.571,1.085,1.366,1.554,17,0.892,52.00,79.68
950,2,2.172,0.139,0.082,0.775,0.820,12,-0.771,38.24,78.77
951,2,-0.627,-1.929,-2.202,-0.149,-1.305,16,-0.659,18.81,43.94
952,2,-1.654,-0.564,-1.214,-1.257,-1.554,14,0.316,31.92,60.77
953,2,-2.012,-1.457,-1.741,-0.325,-0.661,13,-0.838,14.87,68.87
954,2,-0.922,-0.272,-1.680,-0.380,-0.727,18,-1.719,58.88,64.54
955,2,0.722,0.209,0.037,-0.271,-0.296,16,-1.405,54.66,67.99
956,2,0.731,1.110,1.163,1.675,1.050,19,1.844,49.46,54.19
957,2,-0.053,-1.474,0.159,0.974,-0.323,11,0.939,30.08,60.20
958,2,-0.963,-0.354,-1.077,-0.992,-0.870,20,-1.268,31.96,62.82
959,2,-1.246,-0.755,-1.534,-0.670,-1.102,13,-0.887,36.44,51.55
960,2,-0.788,-1.722,-0.958,-0.833,-1.265,18,-1.988,40.77,75.69
961,2,0.463,-0.448,-0.842,-0.711,0.620,13,0.622,49.32,81.93
962,2,1.412,0.924,2.423,0.742,1.031,13,-0.822,75.00,44.65
963,2,-1.031,-0.139,0.019,-0.133,0.741,10,0.310,40.77,57.90
964,2,0.561,0.969,-0.186,0.310,-0.589,17,-0.566,42.71,78.45
965,2,-1.459,-1.802,-0.769,-0.876,-0.891,16,-0.231,34.86,69.80
966,2,0.609,0.611,1.583,1.312,0.906,12,1.032,49.59,69.50
967,2,0.408,0.751,0.029,-1.012,0.194,15,0.149,26.29,78.03
968,2,0.225,0.309,0.409,0.932,0.210,20,-0.599,48.73,71.47
969,2,0.378,1.162,0.968,0.752,0.721,17,0.268,54.15,74.68
970,2,-0.923,-0.724,-1.911,-1.281,-1.008,19,-0.155,35.54,61.96
971,2,-0.470,0.012,-0.547,-2.186,-0.993,17,0.717,36.99,71.03
972,2,-1.269,-0.851,-1.684,-0.360,-0.312,14,0.843,22.49,85.22
973,2,-1.831,-1.145,-1.036,-0.367,-0.844,19,0.748,34.93,65.33
974,2,-1.254,-0.541,-2.589,-0.902,-0.390,18,0.052,29.99,44.60
975,2,-0.315,0.243,-0.496,-1.139,0.669,10,0.030,37.63,51.49
976,2,-0.553,-0.684,-0.974,-1.229,-0.156,16,0.461,32.31,65.73
977,2,-0.647,-0.029,-1.098,-0.931,-1.104,19,0.184,37.19,57.37
978,2,-0.588,-1.833,-1.239,-1.369,-0.668,19,0.762,44.82,60.49
979,2,-1.214,-1.499,-1.646,-1.080,-0.331,16,0.823,46.19,62.37
980,2,-0.972,0.197,-1.075,-1.129,-1.247,17,-1.908,45.18,71.03
981,2,-1.748,-1.413,-0.467,-1.011,0.613,19,0.698,44.69,78.39
982,2,0.953,-0.478,0.104,0.474,0.330,11,0.427,48.66,65.35
983,2,-0.657,-1.005,0.018,0.314,-0.888,12,0.306,42.11,61.43
984,2,-2.494,-1.052,-1.101,-1.417,-0.502,19,-0.819,42.26,58.96
985,2,0.773,0.536,1.302,1.832,1.518,14,0.569,43.38,72.07
986,2,-0.261,-0.202,-0.729,0.677,0.334,19,-2.418,49.21,93.98
987,2,1.219,1.468,0.913,1.040,1.449,15,-0.689,59.63,81.96
988,2,-0.365,-0.003,0.232,-0.295,-1.075,11,0.627,47.84,90.64
989,2,0.236,-0.580,-0.322,-0.416,-0.417,14,-1.771,56.30,73.92
990,2,1.438,1.585,0.748,1.000,0.222,10,-0.438,56.45,89.67
991,2,-0.480,-0.202,-1.758,-1.106,-0.180,16,-0.885,42.09,60.43
992,2,0.266,0.119,-0.477,0.127,-0.406,17,-0.634,45.16,65.85
993,2,0.200,-0.547,-0.074,-0.078,-0.350,10,0.094,53.37,84.18
994,2,-0.590,-1.855,-0.258,-0.245,-1.209,11,0.202,38.62,60.32
995,2,-1.225,-0.200,-0.499,-1.133,-0.283,12,0.803,54.15,76.67
996,2,0.870,1.621,0.441,1.331,0.851,15,-2.299,47.30,83.77
997,2,-0.415,-0.237,-1.502,-1.286,-1.484,16,-1.036,33.69,56.70
998,2,-0.325,0.694,0.099,-0.043,-0.183,10,-0.863,45.03,82.08
999,2,-0.099,-0.252,-0.273,0.054,0.157,16,-1.140,34.81,65.50
1000,2,-0.179,0.034,0.508,-0.171,-0.241,12,0.243,50.71,71.46
